﻿<?xml version="1.0" encoding="utf-8" ?>
<ThingDefs>


<!-- ===============Bottom Layer============== -->


	<!--Deadpool Costume-->
	<!--Note: Feel free to remove the green texts that are besides the codes, they might cause errors if you use them-->

  <ThingDef ParentName="DPoolApparelMakeableBase">  
  <defName>Apparel_DPool</defName>
    <label>Deadpool costume</label> 
    <description>Outfit worn by the Merc with the mouth, known to break fourth walls and jump between worlds. Tuesday is Chimichanga day.</description> 

    <graphicData>
      <texPath>Things/Apparel/DPool</texPath> 
      <graphicClass>Graphic_Single</graphicClass>
    </graphicData>

    <recipeMaker>
      <researchPrerequisite>ComplexClothing</researchPrerequisite>
    </recipeMaker>



    <costStuffCount>110</costStuffCount> 
    <stuffCategories>
      <li>Fabric</li>
      <li>Leathery</li>
    </stuffCategories>


    <thingCategories>
	  <li>Apparel</li>
      <li>ChickenCos_Clothing</li>
    </thingCategories>

    <statBases>
	      <Mass>0.7</Mass> 
	  <MaxHitPoints>250</MaxHitPoints> 
      <WorkToMake>22000</WorkToMake> 
      <ArmorRating_Blunt>0.12</ArmorRating_Blunt>
      <ArmorRating_Sharp>0.12</ArmorRating_Sharp>
      <ArmorRating_Heat>0.12</ArmorRating_Heat> 
      <Insulation_Cold>-15</Insulation_Cold> 
      <Insulation_Heat>8</Insulation_Heat> 
    </statBases>
		<generateCommonality>0.3</generateCommonality> 
    <apparel>
      <bodyPartGroups> 
				<li>Neck</li>
				<li>Torso</li>
				<li>Shoulders</li>
				<li>Hands</li>
				<li>Arms</li>
				<li>Waist</li>
				<li>Legs</li>
				<li>Feet</li>
      </bodyPartGroups>
      <worngraphicPath>Things/Apparel/DPool</worngraphicPath>
      <layers>
        <li>OnSkin</li>
      </layers>
      <tags>
        <li>Deadpool</li> 
      </tags>
      <defaultOutfitTags> 
        <li>Soldier</li>
      </defaultOutfitTags>
    </apparel>
    <colorGenerator Class="ColorGenerator_StandardApparel" />

   <equippedStatOffsets>
      <MoveSpeed>0.15</MoveSpeed> 
	  <MeleeHitChance>0.50</MeleeHitChance>
	  <MeleeDodgeChance>0.75</MeleeDodgeChance>
      <MedicalTendQualityOffset>1</MedicalTendQualityOffset>
	  <ImmunityGainSpeedFactor>1</ImmunityGainSpeedFactor>
	  <SocialImpact>0.25</SocialImpact>
	  <AimingDelayFactor>-0.05</AimingDelayFactor>
	  <ShootingAccuracy>0.05</ShootingAccuracy>
      <MentalBreakThreshold>-0.06</MentalBreakThreshold>
   </equippedStatOffsets>
     </ThingDef> 
   
   
<!-- ===============Middle Layer============== -->


	<!--Deadpool Vest Plate-->

  <ThingDef ParentName="DPoolArmorMakeableBase">
  <defName>Apparel_DPVest</defName>
    <label>Deadpool armor vest</label>
    <description>Custom made vest plate equipped with a Chimichanga and a Rubber Chicken.</description>

    <graphicData>
      <texPath>Things/Apparel/DPVest</texPath>
      <graphicClass>Graphic_Single</graphicClass>
    </graphicData>

    <recipeMaker>
      <researchPrerequisite>ComplexClothing</researchPrerequisite>
    </recipeMaker>



	 <costList>
	  <Steel>175</Steel>
      <Component>4</Component>
    </costList>


    <thingCategories>
	  <li>Apparel</li>
      <li>ChickenCos_Armor</li>
    </thingCategories>

    <statBases>
	      <Mass>2.5</Mass>
	  <MaxHitPoints>210</MaxHitPoints>
	  <WorkToMake>23000</WorkToMake>
      <ArmorRating_Blunt>0.35</ArmorRating_Blunt>
      <ArmorRating_Sharp>0.67</ArmorRating_Sharp>
      <ArmorRating_Heat>0.10</ArmorRating_Heat>	  
      <ArmorRating_Electric>0.15</ArmorRating_Electric>	 	  
      <Insulation_Cold>-7</Insulation_Cold>
    </statBases>
		<generateCommonality>0.3</generateCommonality>
    <apparel>
      <bodyPartGroups>
				<li>Torso</li>
				<li>Shoulders</li>
				<li>Waist</li>
      </bodyPartGroups>
      <worngraphicPath>Things/Apparel/DPVest</worngraphicPath>
      <layers>
        <li>Middle</li>
      </layers>
      <tags>
        <li>Deadpool</li>
      </tags>
      <defaultOutfitTags>
        <li>Soldier</li>
      </defaultOutfitTags>
    </apparel>
    <colorGenerator Class="ColorGenerator_StandardApparel" />

   <equippedStatOffsets>
      <MoveSpeed>-0.02</MoveSpeed>
      <MedicalTendQualityOffset>0.15</MedicalTendQualityOffset>
	  <ShootingAccuracy>0.10</ShootingAccuracy>
	  <AimingDelayFactor>-0.08</AimingDelayFactor>
      <MentalBreakThreshold>-0.02</MentalBreakThreshold>
   </equippedStatOffsets>
     </ThingDef> 

<!-- ===============Deadpool Mask============== -->

	<!--DP Mask-->

  <ThingDef ParentName="DPoolApparelMakeableBase">
    <defName>Apparel_DPoolMask</defName>
    <label>Deadpool mask</label>
    <description>A mask you can barely see through or breath through, you look just like Deadpool without all the cancer. Goodluck eating with this on.</description>
	
    <graphicData>
      <texPath>Things/Apparel/DPMask</texPath>
      <graphicClass>Graphic_Single</graphicClass>
    </graphicData>

    <recipeMaker>
      <researchPrerequisite>ComplexClothing</researchPrerequisite>
    </recipeMaker>



    <costStuffCount>35</costStuffCount>
    <stuffCategories>
      <li>Fabric</li>
      <li>Leathery</li>
    </stuffCategories>

    <thingCategories>
	  <li>Apparel</li>
	  <li>ChickenCos_hats</li>
    </thingCategories>

    <statBases>
	      <Mass>0.2</Mass>
	  <MaxHitPoints>180</MaxHitPoints>
      <WorkToMake>12000</WorkToMake>
      <ArmorRating_Blunt>0.09</ArmorRating_Blunt>
      <ArmorRating_Sharp>0.10</ArmorRating_Sharp>
      <ArmorRating_Heat>0.09</ArmorRating_Heat>
      <Insulation_Cold>-8</Insulation_Cold>
      <Insulation_Heat>5</Insulation_Heat>
    </statBases>
	
		<generateCommonality>0.3</generateCommonality>
    <apparel>
      <bodyPartGroups>
        <li>FullHead</li>
      </bodyPartGroups>
      <worngraphicPath>Things/Apparel/DPMask</worngraphicPath>
      <layers>
        <li>Overhead</li>
      </layers>
      <tags>
        <li>Deadpool</li>
      </tags>
      <defaultOutfitTags>
        <li>Soldier</li>
      </defaultOutfitTags>
    </apparel>
    <colorGenerator Class="ColorGenerator_StandardApparel" />

   <equippedStatOffsets>
	  <MoveSpeed>0.05</MoveSpeed>
   	  <ShootingAccuracy>0.02</ShootingAccuracy>
	  <AimingDelayFactor>-0.02</AimingDelayFactor>			
	  <ImmunityGainSpeedFactor>0.25</ImmunityGainSpeedFactor>
	  <MedicalTendQualityOffset>0.15</MedicalTendQualityOffset>
	  <SocialImpact>0.25</SocialImpact>
      <MentalBreakThreshold>-0.04</MentalBreakThreshold>
   </equippedStatOffsets>
     </ThingDef> 

	<!--DP Helm-->

  <ThingDef ParentName="DPoolArmorMakeableBase">
    <defName>Apparel_DPoolHelm</defName>
    <label>Deadpool Chicken helmet</label>
    <description>Upgraded headgear of the merc with a mouth, stolen from a Metal Gear game, the legendary chicken hat. This helmet protects your noggin from bullets because you can't have regenerating powers in Rimworld.</description>
	
    <graphicData>
      <texPath>Things/Apparel/DPHelm</texPath>
      <graphicClass>Graphic_Single</graphicClass>
    </graphicData>

    <recipeMaker>
      <researchPrerequisite>ComplexClothing</researchPrerequisite>
    </recipeMaker>


    <costStuffCount>25</costStuffCount> 
    <stuffCategories>
      <li>Fabric</li>
      <li>Leathery</li>
    </stuffCategories>

	 <costList>
      <Steel>35</Steel>
      <Component>2</Component>
    </costList>

    <thingCategories>
	  <li>Apparel</li>
	  <li>ChickenCos_hats</li>
    </thingCategories>

    <statBases>
	      <Mass>0.5</Mass>
	  <MaxHitPoints>180</MaxHitPoints>
      <WorkToMake>12000</WorkToMake>
      <ArmorRating_Blunt>0.25</ArmorRating_Blunt>
      <ArmorRating_Sharp>0.30</ArmorRating_Sharp>
      <ArmorRating_Heat>0.15</ArmorRating_Heat>
      <Insulation_Cold>-15</Insulation_Cold>
      <Insulation_Heat>8</Insulation_Heat>
    </statBases>
	
		<generateCommonality>0.3</generateCommonality>
    <apparel>
      <bodyPartGroups>
        <li>FullHead</li>
      </bodyPartGroups>
      <worngraphicPath>Things/Apparel/DPHelm</worngraphicPath>
      <layers>
        <li>Overhead</li>
      </layers>
      <tags>
        <li>Deadpool</li>
      </tags>
      <defaultOutfitTags>
        <li>Soldier</li>
      </defaultOutfitTags>
    </apparel>
    <colorGenerator Class="ColorGenerator_StandardApparel" />

   <equippedStatOffsets>
	  <MoveSpeed>0.07</MoveSpeed>
   	  <ShootingAccuracy>0.04</ShootingAccuracy>
	  <AimingDelayFactor>-0.04</AimingDelayFactor>			
	  <ImmunityGainSpeedFactor>0.35</ImmunityGainSpeedFactor>
      <MedicalTendQualityOffset>0.15</MedicalTendQualityOffset>
	  <SocialImpact>0.50</SocialImpact>
      <MentalBreakThreshold>-0.04</MentalBreakThreshold>
   </equippedStatOffsets>
     </ThingDef> 
	 
	 	<!--DP Bats Helm-->

  <ThingDef ParentName="DPoolArmorMakeableBase">
    <defName>Apparel_DPoolBatHelm</defName>
    <label>Deadpool Bat helmet</label>
    <description>Upgraded headgear of the merc with a mouth, stolen from a DC Comics, the legendary Batman Cowl. This helmet protects your noggin from bullets because you can't have regenerating powers in Rimworld.</description>
	
    <graphicData>
      <texPath>Things/Apparel/DPBatMask</texPath>
      <graphicClass>Graphic_Single</graphicClass>
    </graphicData>

    <recipeMaker>
      <researchPrerequisite>ComplexClothing</researchPrerequisite>
    </recipeMaker>


    <costStuffCount>25</costStuffCount> 
    <stuffCategories>
      <li>Fabric</li>
      <li>Leathery</li>
    </stuffCategories>

	 <costList>
      <Steel>35</Steel>
      <Component>2</Component>
    </costList>

    <thingCategories>
	  <li>Apparel</li>
	  <li>ChickenCos_hats</li>
    </thingCategories>

    <statBases>
	      <Mass>0.5</Mass>
	  <MaxHitPoints>180</MaxHitPoints>
      <WorkToMake>12000</WorkToMake>
      <ArmorRating_Blunt>0.25</ArmorRating_Blunt>
      <ArmorRating_Sharp>0.30</ArmorRating_Sharp>
      <ArmorRating_Heat>0.15</ArmorRating_Heat>
      <Insulation_Cold>-15</Insulation_Cold>
      <Insulation_Heat>8</Insulation_Heat>
    </statBases>
	
		<generateCommonality>0.3</generateCommonality>
    <apparel>
      <bodyPartGroups>
        <li>FullHead</li>
      </bodyPartGroups>
      <worngraphicPath>Things/Apparel/DPBatMask</worngraphicPath>
      <layers>
        <li>Overhead</li>
      </layers>
      <tags>
        <li>Deadpool</li>
      </tags>
      <defaultOutfitTags>
        <li>Soldier</li>
      </defaultOutfitTags>
    </apparel>
    <colorGenerator Class="ColorGenerator_StandardApparel" />

   <equippedStatOffsets>
	  <MoveSpeed>0.07</MoveSpeed>
   	  <ShootingAccuracy>0.04</ShootingAccuracy>
	  <AimingDelayFactor>-0.04</AimingDelayFactor>			
	  <ImmunityGainSpeedFactor>0.35</ImmunityGainSpeedFactor>
      <MedicalTendQualityOffset>0.15</MedicalTendQualityOffset>
	  <SocialImpact>0.50</SocialImpact>
      <MentalBreakThreshold>-0.04</MentalBreakThreshold>
   </equippedStatOffsets>
     </ThingDef> 

	 <!-- ===============Shell Layer============== -->


	<!--Deadpool Cape-->

  <ThingDef ParentName="DPoolApparelMakeableBase">
  <defName>Apparel_DPBatCape</defName>
    <label>Deadpool Bat cape</label>
    <description>Custom made cape for the merc with a mouth, has the Deadpool logo so that Bruce Wayn- I mean Batman does not sue him for copyright.</description>

    <graphicData>
      <texPath>Things/Apparel/DPCape</texPath>
      <graphicClass>Graphic_Single</graphicClass>
    </graphicData>

    <recipeMaker>
      <researchPrerequisite>ComplexClothing</researchPrerequisite>
    </recipeMaker>



    <costStuffCount>50</costStuffCount> 
    <stuffCategories>
      <li>Fabric</li>
      <li>Leathery</li>
    </stuffCategories>


    <thingCategories>
	  <li>Apparel</li>
	  <li>ChickenCos_Clothing</li>
    </thingCategories>

    <statBases>
	      <Mass>0.7</Mass>
	  <MaxHitPoints>210</MaxHitPoints>
	  <WorkToMake>23000</WorkToMake>
      <ArmorRating_Blunt>0.07</ArmorRating_Blunt>
      <ArmorRating_Sharp>0.07</ArmorRating_Sharp>
      <ArmorRating_Heat>0.05</ArmorRating_Heat>	  
      <ArmorRating_Electric>0.02</ArmorRating_Electric>	 	  
      <Insulation_Cold>-12</Insulation_Cold>
    </statBases>
		<generateCommonality>0.3</generateCommonality>
    <apparel>
      <bodyPartGroups>
				<li>Torso</li>
				<li>Shoulders</li>
				<li>Waist</li>
      </bodyPartGroups>
      <worngraphicPath>Things/Apparel/DPCape</worngraphicPath>
      <layers>
        <li>Shell</li>
      </layers>
      <tags>
        <li>Deadpool</li>
      </tags>
      <defaultOutfitTags>
        <li>Soldier</li>
      </defaultOutfitTags>
    </apparel>
    <colorGenerator Class="ColorGenerator_StandardApparel" />

   <equippedStatOffsets>
      <MoveSpeed>-0.01</MoveSpeed>
      <MentalBreakThreshold>-0.02</MentalBreakThreshold>
	  <MeleeHitChance>0.10</MeleeHitChance>
	  <MeleeDodgeChance>0.10</MeleeDodgeChance>
   </equippedStatOffsets>
     </ThingDef> 

   </ThingDefs>